Node,degree,indegree,outdegree,betweenness,closeness,pagerank,hubs,authorities,eigenvector,combined_score
\lib\db\index::sql,1.0,1.0,0.04545454545454545,0.06400531384921951,0.6353171205716085,0.04849749402588122,0.06382127951389738,1.0,1.7145016771141512e-09,3.8570957551296536
\lib\env::getEnv,0.6779661016949152,0.6724137931034483,0.04545454545454545,0.15064762537363002,1.0,0.16740913589454864,0.000480243783876514,0.3274580233604596,6.858006708456603e-09,3.0418294755234303
\lib\chat\streaming::createResponse,0.4406779661016949,0.17241379310344832,0.7272727272727272,1.0,0.11579844887799878,0.0030558057724802347,0.1329489420571814,0.2967741091610516,6.132957396953e-312,2.888941792346582
\lib\utils::getAuthorization,0.6610169491525424,0.6379310344827587,0.0909090909090909,0.04795748920624376,0.38759866763701506,0.014693030336886452,0.09426278548450143,0.7298982799232745,1.2544e-320,2.664267327132313
\routes\documents::documents,0.38983050847457623,0.017241379310344827,1.0,0.012385455012293857,0.010468566310250237,9.62508438217574e-05,1.0,0.0407027980380866,0.0,2.4707249579893737
\services\supabase\index::supabase,0.6610169491525424,0.6379310344827587,0.0909090909090909,0.17170818111369424,0.5131778443337252,0.08234791991592375,0.06656650813761225,0.08052502579885434,1.7145016771141512e-09,2.3041825555587034
\lib\chat\tools-knowledge::getToolsKnowledge,0.3559322033898305,0.17241379310344832,0.5,0.35064762537363003,0.11579844887799878,0.002317882636513429,0.35706104244854625,0.2972173573686704,6.132957396953e-312,2.1513883531986377
\routes\chat\lib\openai::openAICompletion,0.423728813559322,0.06896551724137931,0.9545454545454545,0.13510461640650945,0.04336977471389383,0.0010105273812101854,0.4297086681192364,0.09416072066213853,1.79e-321,2.1505940926291442
\lib\integrations\slack-app\codegpt\codegpt::completions,0.23728813559322035,0.034482758620689655,0.5454545454545454,0.524742610428429,0.029795150267635292,0.002333937804469599,0.7429579789115244,0.016343776887472093,3.4928842646e-314,2.133398893967986
\lib\integrations\discord-app\codegpt\codegpt::completions,0.22033898305084743,0.017241379310344827,0.5454545454545454,0.4179342411159084,0.024793972840066347,0.002170857872340116,0.7429579789115244,0.008345440809809175,8.30449e-317,1.979237399365386
\types\env::Env,0.06779661016949153,0.05172413793103448,0.04545454545454545,0.0,0.6725636964526962,1.0,0.000480243783876514,0.0024640634189276086,3.874929654066807e-06,1.8404871721402258
\routes\chat\freeplan::freePlanCompletion,0.2711864406779661,0.017241379310344827,0.6818181818181818,0.05708402524078379,0.010468566310250237,0.0001383605879937762,0.6405390943574552,0.02713082168643152,0.0,1.7056068699894071
\lib\ip::getIp,0.38983050847457623,0.39655172413793105,0.0,0.0,0.23080696198313622,0.008047639874683057,1.73744108188507e-17,0.586955205076187,1.7145016771141512e-09,1.6121920412610153
\lib\bugsnag::reportError,0.3389830508474576,0.31034482758620696,0.0909090909090909,0.05309421011845455,0.24910039343161017,0.010235281643511812,0.06485224655473971,0.3808047567839977,1.7145016771141512e-09,1.498323859589571
\types\supabase::Json,0.06779661016949153,0.05172413793103448,0.04545454545454545,0.0,0.3587942050035212,0.3809468352809898,6.553091331285257e-05,0.0003362299143149755,0.4766478454177797,1.38176594008499
\types\supabase::Database,0.28813559322033894,0.25862068965517243,0.0909090909090909,0.08528727997343076,0.5065302360353363,0.12083468643525395,0.002810759537027719,0.014085382581502125,0.0027276016922695876,1.3699413200394226
\routes\chat\autocomplete::autocomplete,0.16949152542372883,0.017241379310344827,0.409090909090909,0.00743693292660804,0.010468566310250237,0.0002213769407900421,0.6273553824952857,0.026633051211779883,0.0,1.2679391237096966
\routes\chat\completion::chatCompletion,0.16949152542372883,0.017241379310344827,0.409090909090909,0.014119098320165,0.010468566310250237,0.0002459743786556026,0.6141251622441106,0.024113427119619307,0.0,1.2588960421977835
\services\ai\index::createModelResponse,0.15254237288135591,0.017241379310344827,0.3636363636363636,0.5606110926602458,0.08870732505001518,0.0009548244467106809,0.0001136489550239957,0.005020273653668554,9.1995114801254e-310,1.1888272805937286
\lib\integrations\slack-app\app-flow\interfaces::Option,0.05084745762711864,0.034482758620689655,0.04545454545454545,0.0,0.01332362984940939,0.04300382217943266,1.484064256741314e-17,3.673164116150878e-17,1.0,1.1871122137311958
\routes\slack::slack,0.1864406779661017,0.017241379310344827,0.45454545454545453,0.014716906357361942,0.010468566310250237,0.00020125176435458343,0.4593314663471546,0.020289060583929576,0.0,1.163234763184952
\routes\github::github,0.15254237288135591,0.017241379310344827,0.3636363636363636,0.0031858535509853227,0.010468566310250237,0.0002459743786556026,0.569892011589252,0.02446343694001645,0.0,1.141675958597224
\routes\agents\index::agents,0.16949152542372883,0.017241379310344827,0.409090909090909,0.006380805394226771,0.010468566310250237,0.0002213769407900421,0.4613861730991568,0.020366639066067733,0.0,1.0946473746354743
\lib\consts::freePlanId,0.2542372881355932,0.25862068965517243,0.0,0.0,0.19415538680057126,0.006501618322114428,1.73744108188507e-17,0.3707430392086561,6.13295866028e-312,1.0842580221221072
\routes\telemetry::telemetry,0.11864406779661016,0.017241379310344827,0.2727272727272727,0.0011931600936621741,0.010468566310250237,0.0003162527725572029,0.5927599845824786,0.025326850968642425,0.0,1.0386775345618182
\lib\utils::sendError,0.28813559322033894,0.29310344827586204,0.0,0.0,0.17848905558976658,0.009748124786296405,1.73744108188507e-17,0.2582071543475077,7.164e-321,1.0276833762197717
\lib\mixpanel\providers::getModelProvider,0.23728813559322035,0.24137931034482762,0.0,0.0,0.17615624544285274,0.0057148579693341904,1.73744108188507e-17,0.34721302025077655,1.7145016771141512e-09,1.0077515713155132
\services\supabase\organizations::updateOrganizationsInteractions,0.1864406779661017,0.17241379310344832,0.04545454545454545,0.0029890401859847225,0.1209353779721445,0.005029344387915474,0.194899116714096,0.27451814590952095,6.13295771211e-312,1.0026800416937571
\lib\mixpanel::mixpanel,0.20338983050847456,0.17241379310344832,0.0909090909090909,0.02470939887080704,0.17386923176154745,0.005204266516770905,0.1380397902516247,0.18019181580222246,1.7145016771141512e-09,0.9887272194384878
\routes\chat\lib\openai::openAIAutocomplete,0.13559322033898305,0.0,0.3636363636363636,0.003985386914646297,0.0,0.00018817039967153592,0.45104841844631305,0.0017404237515403665,0.0,0.956191983487518
\types\index::ChatMessage,0.22033898305084743,0.20689655172413793,0.04545454545454545,0.0,0.19425880942629764,0.18416683354402769,0.012192469725218095,0.06255785008560931,2.4248041355636627e-05,0.9258902910520391
\routes\discord::discord,0.11864406779661016,0.017241379310344827,0.2727272727272727,0.009403057137833546,0.010468566310250237,0.0003162527725572029,0.41954205605285033,0.01878675274715577,0.0,0.8671294048548749
\services\db\mixpanel::getOwnerInfoByAgentId,0.1864406779661017,0.17241379310344832,0.04545454545454545,0.021521089339090003,0.11579844887799878,0.003055805772480235,0.0004319386698097991,0.2967370158423581,6.132957396953e-312,0.8418533150258325
\routes\chat\lib\openai::onFinal,0.13559322033898305,0.017241379310344827,0.3181818181818182,0.0,0.02617141577562559,0.0004420691221511868,0.27873373396498397,0.02655289230194933,1.7145016771141512e-09,0.8029165307103578
\routes\organizations\index::organizations,0.10169491525423728,0.017241379310344827,0.22727272727272727,0.001930456672871739,0.010468566310250237,0.00036896156798340316,0.41862629337510476,0.01875217677738833,0.0,0.7963554765409078
\routes\gitlab::gitlabApp,0.10169491525423728,0.017241379310344827,0.22727272727272727,0.004354900379281569,0.010468566310250237,0.00036896156798340316,0.413290002686396,0.018550697256539527,0.0,0.7932421500377601
\routes\bitbucket::bitbucketApp,0.10169491525423728,0.017241379310344827,0.22727272727272727,0.0035578229963523097,0.010468566310250237,0.00036896156798340316,0.4132899919440695,0.018550696850947148,0.0,0.792445061506912
\lib\integrations\discord-app\commands\chat::handleChatCommand,0.06779661016949153,0.017241379310344827,0.13636363636363635,0.3103287944204583,0.023792196159659627,0.0026761637327631684,0.19798261312411825,5.719635459297083e-05,3.1561e-319,0.7562385896350651
\lib\chat\streaming::onFinal,0.15254237288135591,0.0,0.409090909090909,0.0,0.08319169184847794,0.00021690131074387389,0.10382126811122126,0.004983014751399348,9.1995114801254e-310,0.7538461579941075
\services\supabase\agents::getUserAgentById,0.11864406779661016,0.08620689655172414,0.0909090909090909,0.017934241115908335,0.07743415715200969,0.0015061789036029914,0.19725302114136412,0.1610271080569893,6.132957396064e-312,0.7509147616272996
\services\supabase\usage::saveUsage,0.16949152542372883,0.13793103448275862,0.0909090909090909,0.013910898135408262,0.14607074300190281,0.0028915063340212966,0.03166572042800758,0.15531763457634445,1.7145016771141512e-09,0.7481881550057645
\schemas\index::uuidSchema,0.15254237288135591,0.15517241379310343,0.0,0.0,0.25451701841795893,0.013163148651722079,1.73744108188507e-17,0.15619109251921212,4.420267e-318,0.7315860462633524
\routes\github-app::githubApp,0.0847457627118644,0.017241379310344827,0.1818181818181818,0.0011665908475645321,0.010468566310250237,0.00044275388158008356,0.40699408804052356,0.018312985718665683,0.0,0.7211903086389752
\services\supabase\plan::getFreePlan,0.15254237288135591,0.1206896551724138,0.0909090909090909,0.019262703420790433,0.0743268208027767,0.003909204162727118,0.08795174727124301,0.1635181875665948,2.69e-321,0.7131097821869927
\lib\redis::redis,0.16949152542372883,0.15517241379310343,0.04545454545454545,0.007040850215875124,0.14754752893880996,0.007089569761342007,0.06382127951389738,0.11714923517238668,1.839902296972794e-309,0.7127669482736889
\routes\agents\marketplace-favorites\index::marketplaceFavoriteAgents,0.0847457627118644,0.017241379310344827,0.1818181818181818,0.00100053305945427,0.010468566310250237,0.00044275388158008356,0.3932506789151084,0.01779408304882504,0.0,0.706761939055609
\lib\integrations\slack-app\slack\message-event::directMessageEvent,0.0847457627118644,0.017241379310344827,0.1818181818181818,0.1810694121554301,0.021591418014891114,0.0012702956404010582,0.20491136770921645,0.0004120273189499861,8.30449e-317,0.6930598446792797
\lib\integrations\slack-app\slack\message-event::handleMessageEvent,0.0847457627118644,0.017241379310344827,0.1818181818181818,0.1810694121554301,0.021591418014891114,0.0012702956404010582,0.20491136770921645,0.0004120273189499775,8.30449e-317,0.6930598446792797
\services\supabase\organizations::addOrgDailyTokens,0.11864406779661016,0.08620689655172414,0.0909090909090909,0.010162736632348058,0.13080816034396792,0.001852368581373439,0.1991612753323175,0.05196574179934055,1.7145016771141512e-09,0.6897103396612744
\services\supabase\usage::UsageInsert,0.16949152542372883,0.13793103448275862,0.0909090909090909,0.014480239123214876,0.1495101606673011,0.01080047342836951,0.018716692650145958,0.08194733919630924,1.8315553825244065e-06,0.6737883874363017
\routes\chat\lib\codestral::codestralAutocomplete,0.11864406779661016,0.034482758620689655,0.22727272727272727,0.02470939887080704,0.023030845882550523,0.0015149632148827054,0.17782454526480546,0.047624578082788194,9e-322,0.655103885005861
\lib\integrations\slack-app\slack\services\supabase\interfaces::dbWorkspace,0.20338983050847456,0.18965517241379312,0.04545454545454545,0.0,0.10352248906803013,0.08069855380727628,0.003736216387290685,0.019170001641266848,9.819418696199245e-09,0.6456268191000958
\lib\chat\tokens::getModelTokens,0.11864406779661016,0.017241379310344827,0.2727272727272727,0.11424775821986052,0.08870732505001518,0.0009548244467106809,0.025187646436787225,0.005037825544726924,9.1995114801254e-310,0.6427480995323281
\lib\consts::channels,0.15254237288135591,0.15517241379310343,0.0,0.0,0.10352248906803013,0.004069639803560576,1.73744108188507e-17,0.20936357519998955,4.926e-321,0.6246704907460396
\services\supabase\documents::createDocument,0.11864406779661016,0.06896551724137931,0.13636363636363635,0.0065031392829466555,0.04336977471389383,0.0009504362725502755,0.10716513598845445,0.12330580936249112,1.79e-321,0.6052675170219621
\lib\integrations\slack-app\app-flow\init-bot::dispatchEvent,0.0847457627118644,0.017241379310344827,0.1818181818181818,0.2510793756227167,0.018610784551555976,0.001096821606008815,0.004005592375890329,0.0005642410274309012,3.1561e-319,0.5591621390239938
\services\supabase\agents::updateAgentImageByAgentId,0.0847457627118644,0.034482758620689655,0.13636363636363635,0.012155430089671206,0.023030845882550523,0.0007770400789158986,0.21376431600971255,0.037116923551835754,9e-322,0.5424367133088762
\routes\agents\widget\index::widgetAgent,0.06779661016949153,0.017241379310344827,0.13636363636363635,0.000345790923476664,0.010468566310250237,0.0005534423519751048,0.2756649689962895,0.013354461245007138,0.0,0.5217888556704714
\routes\widgets\index::widgets,0.06779661016949153,0.017241379310344827,0.13636363636363635,0.000345790923476664,0.010468566310250237,0.0005534423519751048,0.2756649689962895,0.01335446124500713,0.0,0.5217888556704714
\lib\integrations\slack-app\app-flow\init-bot::selectWorkspace,0.10169491525423728,0.034482758620689655,0.1818181818181818,0.13669877117236798,0.023030845882550523,0.000801470931364872,0.004170085022601218,0.03498825158371407,9e-322,0.5176852802857074
\lib\tokenizer::tokenizer,0.10169491525423728,0.08620689655172414,0.04545454545454545,0.01301893058784457,0.1404296868104739,0.002276342526886415,0.003552623370446954,0.10660324929838781,1.2154970198635361e-307,0.4992371898545465
\lib\response::codeGPTResponse,0.11864406779661016,0.017241379310344827,0.2727272727272727,0.03586848223181667,0.03419731661348411,0.0006148067394246228,7.435920527152945e-05,0.016227029427346627,6.30764e-319,0.49559471405157124
\types\index::Document,0.11864406779661016,0.10344827586206896,0.04545454545454545,0.0,0.060194256283938874,0.035490229654975815,0.017252368849150684,0.0885194819761998,4.208322298371098e-09,0.46900323008581213
\schemas\chat::roles,0.15254237288135591,0.15517241379310343,0.0,0.0,0.13429675066578162,0.019733697875345624,1.73744108188507e-17,0.006232103217504266,7.9461e-319,0.46797733843309086
\services\supabase\documents::getDocumentsWithStorage,0.10169491525423728,0.06896551724137931,0.0909090909090909,0.0023406240609827457,0.04336977471389383,0.0009504362725502755,0.032946625250727175,0.12330580936249108,1.79e-321,0.4644827930653525
\lib\integrations\slack-app\codegpt\interfaces::Message,0.11864406779661016,0.10344827586206896,0.04545454545454545,0.0,0.06777953102568797,0.04841181040198617,0.011568894976766083,0.05935837561407155,1.6973566603430135e-07,0.4546656708674024
\services\ai\cohere\chat::createCohereResponse,0.0847457627118644,0.017241379310344827,0.1818181818181818,0.08276320159415476,0.07393940141964143,0.001036984354173114,0.012562976461772892,1.4789530809125138e-05,1.2062975083770968e-307,0.45412267720094235
\services\supabase\subscription::getActiveSubscriptionByOrgId,0.10169491525423728,0.08620689655172414,0.04545454545454545,0.006110926602457655,0.05365140234003247,0.0029369223644948395,0.01569425640157651,0.1369082023656213,9e-322,0.44865806733468966
\routes\webhooks\models::modelsPricing,0.0847457627118644,0.017241379310344827,0.1818181818181818,0.002358020591165726,0.010468566310250237,0.00044275388158008356,0.13905163005022458,0.00819642325981271,0.0,0.4443227179334244
\lib\integrations\discord-app\redirector::redirector,0.06779661016949153,0.034482758620689655,0.0909090909090909,0.19076718698106943,0.023030845882550523,0.0012074668327114349,5.789805574963178e-05,0.031824367105352386,9e-322,0.4400762245567055
\types\index::ModelsEnum,0.10169491525423728,0.08620689655172414,0.04545454545454545,0.0,0.13392545176216683,0.03477798719832115,0.004262158618221549,0.02186853737502487,9.351827329713548e-07,0.42819142739697424
\routes\agents\marketplace\index::marketplaceAgents,0.05084745762711864,0.017241379310344827,0.0909090909090909,0.00014652157774434915,0.010468566310250237,0.0007379231359668063,0.24522346302568546,0.012205097315143078,0.0,0.4277794992113443
\services\ai\azure\chat::createOpenaiResponse,0.0847457627118644,0.017241379310344827,0.1818181818181818,0.05978080371969445,0.07393940141964143,0.0014059459221565178,0.003362151447655101,5.2323300126829736e-06,1.2062975083770968e-307,0.4222988586795513
\services\ai\mistral\chat::createMistralResponse,0.06779661016949153,0.017241379310344827,0.13636363636363635,0.05420126203918964,0.07393940141964143,0.0014059459221565178,0.06536133773532883,2.59995875761427e-05,1.2062975083770968e-307,0.4163355725473653
\schemas\chat::messageCreateSchema,0.0847457627118644,0.05172413793103448,0.0909090909090909,0.0043839256061109265,0.03140569893075071,0.000584094543776803,0.04201940729094582,0.10569504046198833,0.0,0.41146715838556236
\types\index::Channels,0.10169491525423728,0.08620689655172414,0.04545454545454545,0.0,0.059321875758084675,0.05589571222894932,0.009889720804545683,0.05074276872713199,9.838122350858655e-07,0.40920741859145354
\services\supabase\organizations::getOrganizationOwnerDistinctId,0.05084745762711864,0.034482758620689655,0.04545454545454545,0.0005978080371969445,0.020937132620500475,0.0006968102755343708,0.194899116714096,0.0582123657469176,0.0,0.40612799509659914
\services\supabase\profiles::updateAvatar,0.05084745762711864,0.0,0.13636363636363635,0.0034274327465958153,0.0,0.0004648915756590883,0.21376431600971255,0.00016756883002587672,0.0,0.4050353031527484
\lib\integrations\slack-app\codegpt\interfaces::CodeGPTResponse,0.10169491525423728,0.08620689655172414,0.04545454545454545,0.0,0.0617284427259583,0.032858532646070845,0.011481864913682933,0.05891183658120965,5.611096397828147e-09,0.398337039738525
\lib\embeddings\index::createEmbedding,0.06779661016949153,0.017241379310344827,0.13636363636363635,0.06934573231484556,0.08870732505001518,0.0014055928702352016,0.003356282715957313,0.013483040923532415,9.1995114801254e-310,0.3976995997180584
\services\ai\mistral\autocomplete::createMistralFIMResponse,0.0847457627118644,0.017241379310344827,0.1818181818181818,0.015941547658585187,0.023792196159659627,0.0013647901050835062,0.06578873279870386,0.006751873361023158,3.1561e-319,0.39744446392344634
\lib\integrations\slack-app\app-flow\interfaces::ViewState,0.11864406779661016,0.034482758620689655,0.22727272727272727,0.004782464297575556,0.010468566310250237,0.0016305397921409022,2.3449017553196332e-17,4.9560086950076725e-17,1.6443629721412974e-07,0.397281288526291
\services\supabase\chat-log::ChatLogInsert,0.10169491525423728,0.06896551724137931,0.0909090909090909,0.0031883095317170374,0.10468566310250235,0.01059337371003376,0.004549548925172397,0.009257714102954817,7.575915319800958e-06,0.3938517086924077
\lib\tokenizer::TiktokenModel,0.0847457627118644,0.06896551724137931,0.04545454545454545,0.0,0.11433753275025078,0.05463434446062267,0.003552623370446954,0.01822801165209183,2.556166136788376e-08,0.38991836320286266
\services\supabase\documents::createDocumentBucket,0.06779661016949153,0.034482758620689655,0.0909090909090909,0.0021192136768357294,0.023030845882550523,0.0003921888998607818,0.08991276713930378,0.08040724213879182,9e-322,0.3890507174366147
\services\supabase\documents::deleteDocumentById,0.0847457627118644,0.06896551724137931,0.04545454545454545,0.0015435466780534862,0.04336977471389383,0.0009504362725502755,0.01569425640157651,0.1233058093624911,1.79e-321,0.3840296488363543
\routes\apikeys\index::apiKeys,0.05084745762711864,0.017241379310344827,0.0909090909090909,0.0008439642878074512,0.010468566310250237,0.0007379231359668063,0.19780383811076752,0.0104146994781399,0.0,0.37926691916948624
\services\ai\groq\chat::createGroqResponse,0.06779661016949153,0.017241379310344827,0.13636363636363635,0.07731650614413817,0.07393940141964143,0.0014059459221565178,9.244288259220743e-05,7.729932696679001e-06,1.2062975083770968e-307,0.3741636521446977
\services\ai\aws\chat::createBedrockResponse,0.06779661016949153,0.017241379310344827,0.13636363636363635,0.07492527399535039,0.07393940141964143,0.0008525035701814124,0.00028011072011541703,0.0004751338179969135,1.2062975083770968e-307,0.3718740493667583
\lib\bugsnag::Bugsnag,0.05084745762711864,0.034482758620689655,0.04545454545454545,0.0,0.17500840515271443,0.058655681356759345,0.0010309670408423447,0.005289747117503346,9.287923176293819e-07,0.37077049116249083
\lib\chat\tools-knowledge::Chunk,0.0847457627118644,0.06896551724137931,0.04545454545454545,0.0,0.09542924657554429,0.05415733315911224,0.003201716972512126,0.016427560198791585,2.1820930435998313e-08,0.3683817041346799
\services\ai\azure\index::openaiClient,0.06779661016949153,0.05172413793103448,0.04545454545454545,0.008502158751245433,0.11430542673894854,0.004669583316032904,0.06382127951389738,0.0003848500783109398,1.4167448429263815e-305,0.3566585919535067
\lib\utils::getTextFromFile,0.06779661016949153,0.05172413793103448,0.04545454545454545,0.0015941547658585187,0.033150459982459086,0.0011116639574284184,0.06382127951389738,0.09009762282487035,9e-322,0.3547504745995852
\types\supabase::PublicSchema,0.11864406779661016,0.08620689655172414,0.0909090909090909,0.0,0.04187426524100095,0.010429526118508767,0.0028742614134663683,0.000662049125347122,6.568100061235475e-07,0.35160081396575454
\services\supabase\agents::getMarketplaceAgentAsAnonymous,0.06779661016949153,0.034482758620689655,0.0909090909090909,0.003520425107937562,0.023030845882550523,0.0005792173998536413,0.07951553591547386,0.050595876786939865,9e-322,0.35043036079202755
\types\user::User,0.10169491525423728,0.017241379310344827,0.22727272727272727,0.0,0.0,0.0009783911800601564,3.7509697732292084e-17,8.140738041933791e-17,3.1172757765711865e-10,0.34718741332909725
\services\supabase\chat-log::saveChatLog,0.06779661016949153,0.034482758620689655,0.0909090909090909,0.03082032547326469,0.09432614435798391,0.0012296589946919501,0.0158515429981666,0.009013671653171282,1.2154970198572188e-307,0.34442980317655053
\routes\agents\marketplace-favorites\index::getMarketplaceFavoritesAgents,0.03389830508474576,0.017241379310344827,0.04545454545454545,0.0,0.013085707887812794,0.0010205747616216616,0.194899116714096,0.029608578727957895,8.94e-322,0.3352082079411244
\services\supabase\organizations::getOrganization,0.03389830508474576,0.017241379310344827,0.04545454545454545,0.0005978080371969445,0.010468566310250237,0.0006001774839196697,0.194899116714096,0.025424468375139866,0.0,0.3285843667702387
\services\ai\google\vertex\chat::createVertexAIResponse,0.06779661016949153,0.017241379310344827,0.13636363636363635,0.031086017934241116,0.07393940141964143,0.0014059459221565178,0.00047152931058913535,7.836044164090099e-06,1.2062975083770968e-307,0.32831235647426504
\routes\metadata::metadata,0.05084745762711864,0.017241379310344827,0.0909090909090909,0.0027138587085448595,0.010468566310250237,0.0007379231359668063,0.1443936751402941,0.008398120046567037,0.0,0.3257100711881774
\lib\integrations\slack-app\slack\services\supabase\interfaces::dbAgent,0.10169491525423728,0.05172413793103448,0.13636363636363635,0.0043839256061109265,0.020937132620500475,0.0057172960722323305,0.002978347904295213,0.0008598723795826362,7.793189441427973e-10,0.3246592649109486
\schemas\chat::noAgentCompletionValidationSchema,0.0847457627118644,0.05172413793103448,0.0909090909090909,0.005978080371969445,0.033150459982459086,0.0029218306369995922,0.0017621266935699592,0.04729500863222125,1.35e-321,0.3184864978692091
\lib\ai\metadata::generateMetadata,0.0847457627118644,0.034482758620689655,0.13636363636363635,0.01301893058784457,0.023030845882550523,0.004321362085135832,0.003448485250532575,0.010965391368319878,9e-322,0.3103771728705738
\lib\consts::ACCEPTED_IMAGE_FILES,0.0847457627118644,0.08620689655172414,0.0,0.0,0.05365140234003247,0.001941595349449698,1.73744108188507e-17,0.07928226746315035,1.79e-321,0.3058279244162211
\lib\utils::cleanText,0.05084745762711864,0.05172413793103448,0.0,0.0,0.10119614099908561,0.0009454805480543215,1.73744108188507e-17,0.09733720593539807,9.1995114801344e-310,0.3020504230406912
\lib\usage::createNewUsageObject,0.06779661016949153,0.034482758620689655,0.0909090909090909,0.004782464297575556,0.023030845882550523,0.0008533908598400364,0.00022409377369026926,0.0758209288871812,9e-322,0.29790018340010965
\services\ai\google\vertex\index::vertexAI,0.05084745762711864,0.034482758620689655,0.04545454545454545,0.007970773829292593,0.09002967026815206,0.003803510309109441,0.06382127951389738,0.0009688000029485109,1.4167448429263473e-305,0.29737879562575376
\services\ai\azure\consts::AZURE_MODELS_MAP,0.06779661016949153,0.06896551724137931,0.0,0.0,0.13431238998053083,0.006295344751732055,1.73744108188507e-17,0.01660815120075977,1.4167448429264457e-305,0.29397801334389345
\services\ai\index::Props,0.06779661016949153,0.034482758620689655,0.0909090909090909,0.02391232148787778,0.07001377148295358,0.003796185168284399,1.563637733773547e-05,4.210460249314766e-05,7.481461863770848e-09,0.2909684862996806
\lib\image::getImageDimensionsFromContent,0.06779661016949153,0.017241379310344827,0.13636363636363635,0.016738625041514448,0.03419731661348411,0.00043032595543292127,0.00014682236597586792,0.01635137192608217,6.30764e-319,0.2892660877459622
\lib\chat\tokens::Props,0.06779661016949153,0.034482758620689655,0.0909090909090909,0.005845234141481235,0.07001377148295358,0.0040210566458017405,0.012478300099726804,0.001466555515118186,7.481461863770848e-09,0.2870133850658154
\lib\chat\tools-knowledge::processDocuments,0.05084745762711864,0.017241379310344827,0.0909090909090909,0.022318166722019264,0.08419879139857181,0.0006676697342683953,0.003748344666769208,0.016047064786095782,9.1995114801254e-310,0.28597796515427887
\lib\integrations\slack-app\app-flow\interfaces::ViewSubmissionEvent,0.0847457627118644,0.017241379310344827,0.1818181818181818,0.0,0.0,0.0008954325112010708,1.6527574100644022e-17,4.360987860884607e-17,3.1172757765711865e-10,0.28470075666331973
\lib\integrations\slack-app\slack\interfaces::SlackEvent,0.0847457627118644,0.06896551724137931,0.04545454545454545,0.0,0.03140569893075071,0.03449710047098012,0.003090646928689274,0.015857675400463924,3.5848671430568632e-09,0.2840169507235403
\services\ai\mistral\chat::Props,0.06779661016949153,0.034482758620689655,0.0909090909090909,0.0015941547658585187,0.06123123690901082,0.005785104070500426,0.012767433471416251,0.002950058244961673,7.793189441427974e-09,0.2775164549542092
\services\supabase\chat-log::Props,0.06779661016949153,0.034482758620689655,0.0909090909090909,0.0007970773829292594,0.07393940141964143,0.006023489976038212,0.001961606898047624,0.0008070154408181946,1.4495332361056024e-08,0.2767170653120791
\types\index::MixpanelProperties,0.0847457627118644,0.034482758620689655,0.13636363636363635,0.0015941547658585187,0.010468566310250237,0.003783677619162083,0.001346942897346007,0.0022978139592941295,1.6443629721412995e-07,0.27508347768439856
\lib\integrations\slack-app\slack\services\supabase\workspaces::readWorkspaces,0.06779661016949153,0.034482758620689655,0.0909090909090909,0.003055463301228828,0.023030845882550523,0.0006749698223419915,0.01943047278886718,0.03552164754508547,9e-322,0.27490185903934605
\services\ai\google\vertex\chat::Props,0.06779661016949153,0.034482758620689655,0.0909090909090909,0.0015941547658585187,0.06123123690901082,0.005785104070500426,0.012286362506112675,0.00048175067428511795,7.793189441427974e-09,0.2745670764182291
\services\ai\groq\chat::Props,0.06779661016949153,0.034482758620689655,0.0909090909090909,0.0015941547658585187,0.06123123690901082,0.005785104070500426,0.01228355208829396,0.00046733081509799367,7.793189441427974e-09,0.2745498461412232
\types\index::Agent,0.06779661016949153,0.05172413793103448,0.04545454545454545,0.0,0.0647366514358003,0.029439007246640364,0.0023539044272681206,0.012077553079530548,6.2345515531423824e-09,0.2735824159788624
\lib\integrations\discord-app\services\supabase\interfaces::DbServers,0.0847457627118644,0.06896551724137931,0.04545454545454545,0.0,0.03140569893075071,0.04069537345418934,0.00028914884906061693,0.0014835821420615845,1.0910465217999163e-09,0.27303962987489794
\services\ai\aws\chat::Props,0.06779661016949153,0.034482758620689655,0.0909090909090909,0.0003985386914646297,0.06123123690901082,0.004549004882459634,0.012376700037545478,0.0009452598628122386,7.793189441427974e-09,0.2726892078757543
\services\ai\cohere\chat::Props,0.06779661016949153,0.034482758620689655,0.0909090909090909,0.0003985386914646297,0.06123123690901082,0.004501171142788016,0.012376705080991342,0.000945285740024761,7.793189441427974e-09,0.2726414050567411
\services\db\mixpanel::OwnerInfo,0.05084745762711864,0.034482758620689655,0.04545454545454545,0.0,0.08419879139857181,0.05460656659122196,0.0004319386698097991,0.0022162166616866543,7.169734286113767e-09,0.27223828219337826
\schemas\metadata::metadataSchema,0.06779661016949153,0.06896551724137931,0.0,0.0,0.04769013541336219,0.00822594840895231,1.73744108188507e-17,0.07695439833813861,8.304624e-317,0.26963260957132396
\services\supabase\profiles::getUserSelectedOrgId,0.01694915254237288,0.0,0.04545454545454545,0.0007173696446363335,0.0,0.0004648915756590883,0.194899116714096,0.0001675688300258971,0.0,0.25865264476133565
\services\supabase\messages::updateLastAssistantMessage,0.05084745762711864,0.034482758620689655,0.04545454545454545,0.005712387910993024,0.09432614435798391,0.0012296589946919501,0.01569425640157651,0.009044510942189036,1.2154970198572188e-307,0.2567917203097882
\lib\integrations\gitlab-app\utils::getUserInfo,0.06779661016949153,0.034482758620689655,0.0909090909090909,0.004782464297575556,0.023030845882550523,0.0012437142978466028,0.00018812819053624103,0.03158833302533882,9e-322,0.25402194539311984
\lib\integrations\bitbucket-app\utils::getUserInfo,0.06779661016949153,0.034482758620689655,0.0909090909090909,0.004782464297575556,0.023030845882550523,0.0012437142978466028,0.00018811752962103742,0.03158830546665465,9e-322,0.25402190717352047
\lib\chat\tools-knowledge::Props,0.05084745762711864,0.034482758620689655,0.04545454545454545,0.0,0.08419879139857181,0.01970472623559149,0.003150573530016889,0.016165150376943802,7.169734286113767e-09,0.254004010413212
\routes\chat\lib\openai::Params,0.06779661016949153,0.034482758620689655,0.0909090909090909,0.005579541680504816,0.02898987593607758,0.0025799472570138997,0.004076540883961982,0.017998981826203974,1.87036546594271e-09,0.2524133491533998
\services\supabase\documents::retrieveDocumentContentsFromBucket,0.05084745762711864,0.034482758620689655,0.04545454545454545,0.0011450079865888568,0.023030845882550523,0.0003921888998607818,0.01569425640157651,0.08040724213879183,9e-322,0.2514543030117222
\services\supabase\documents::deleteDocumentBucket,0.05084745762711864,0.034482758620689655,0.04545454545454545,0.0011450079865888568,0.023030845882550523,0.0003921888998607818,0.01569425640157651,0.08040724213879182,9e-322,0.2514543030117222
\lib\usage::Params,0.06779661016949153,0.05172413793103448,0.04545454545454545,0.0,0.027218272406650614,0.05709960640075763,0.00011287140665684536,0.0005791273380803081,2.4938206212569517e-09,0.24998517360103747
\lib\chat\streaming::Props,0.05084745762711864,0.034482758620689655,0.04545454545454545,0.0,0.08419879139857181,0.02407757956550879,0.0014143746529987067,0.007256957737132759,7.169734286113767e-09,0.24773247222630007
\lib\chat\tools-knowledge::getModelMaxChunks,0.03389830508474576,0.017241379310344827,0.04545454545454545,0.046230488209897044,0.08419879139857181,0.0006676697342683953,0.0010045098354962527,0.01604706478609576,9.1995114801254e-310,0.2447427538139653
\lib\integrations\slack-app\slack\interfaces::AuthResponse,0.06779661016949153,0.05172413793103448,0.04545454545454545,0.0,0.027218272406650614,0.050517812995044535,7.452528509523421e-05,0.00038237877293487263,1.4027740994570365e-09,0.24316828441757082
\routes\chat\lib\openai::AutocompleteParams,0.06779661016949153,0.034482758620689655,0.0909090909090909,0.0015941547658585187,0.010468566310250237,0.0028517578472324625,0.013623331051595721,0.019156629901648074,6.234551553142348e-10,0.24088290019931222
\routes\chat\lib\codestral::AutocompleteParams,0.06779661016949153,0.034482758620689655,0.0909090909090909,0.0015941547658585187,0.018610784551555976,0.0050087287648371915,0.011350104347983678,0.007493022893378698,1.2469103106284758e-09,0.23724525626979642
\lib\email::normalizeableProviders,0.06779661016949153,0.017241379310344827,0.13636363636363635,0.002391232148787778,0.010468566310250237,0.002944403527772785,2.806463720770149e-17,6.674139340468756e-17,4.5e-322,0.23720582783028357
\services\ai\cohere\index::cohere,0.03389830508474576,0.017241379310344827,0.04545454545454545,0.004782464297575556,0.06469704024036638,0.0029179022671624614,0.06382127951389738,0.0004743336946220309,1.404681867842576e-305,0.23328724986325983
\services\ai\groq\index::groq,0.03389830508474576,0.017241379310344827,0.04545454545454545,0.004782464297575556,0.06469704024036638,0.003286694316413008,0.06382127951389738,3.4903172966610905e-06,1.404681867842576e-305,0.23318519853518502
\lib\embeddings\index::Props,0.05084745762711864,0.034482758620689655,0.04545454545454545,0.0,0.07001377148295358,0.029781348184847456,4.436177634494884e-05,0.00022761404511656636,7.481461863770848e-09,0.23085186467307817
\services\ai\azure\index::openaiVisionClient,0.03389830508474576,0.017241379310344827,0.04545454545454545,0.0021255396878113583,0.06469704024036638,0.0015204791232722441,0.06382127951389738,0.00012980285016312573,1.404681867842576e-305,0.2288883712651465
\services\ai\index::onFinalObject,0.05084745762711864,0.034482758620689655,0.04545454545454545,0.0,0.058248176649341066,0.037953443732739525,7.430227502232565e-06,3.8123453956564275e-05,3.907661049720807e-06,0.22703584342694286
\types\index::PlanWithPricing,0.06779661016949153,0.017241379310344827,0.13636363636363635,0.0,0.0,0.0010295363502652605,0.0013403755477673037,0.002264365770761125,3.1172757765711865e-10,0.22603590382399397
\types\supabase::TablesUpdate,0.06779661016949153,0.017241379310344827,0.13636363636363635,0.0,0.0,0.0013826164955014532,0.002918342839286087,0.00022617560593870187,3.1172757765711865e-10,0.22592876109592652
\types\supabase::Tables,0.06779661016949153,0.017241379310344827,0.13636363636363635,0.0,0.0,0.0013826164955014532,0.002918342839286086,0.00022617560593869878,3.1172757765711865e-10,0.22592876109592652
\types\supabase::Enums,0.06779661016949153,0.017241379310344827,0.13636363636363635,0.0,0.0,0.0013826164955014532,0.002918342839286087,0.00022617560593870224,3.1172757765711865e-10,0.22592876109592652
\types\supabase::TablesInsert,0.06779661016949153,0.017241379310344827,0.13636363636363635,0.0,0.0,0.0013826164955014532,0.0029183428392860855,0.00022617560593869598,3.1172757765711865e-10,0.2259287610959265
\types\index::Plan,0.06779661016949153,0.05172413793103448,0.04545454545454545,0.0,0.023030845882550523,0.0343368492804514,0.0004544822062304619,0.0023318843814831105,4.349340061313742e-05,0.22517284870640009
\lib\integrations\slack-app\app-flow\interfaces::Element,0.06779661016949153,0.034482758620689655,0.0909090909090909,0.002391232148787778,0.01345958525603602,0.006814018991428616,1.6793199848018737e-17,5.975034749368931e-17,0.0076043976737417505,0.2234576937692663
\services\supabase\usage-log::UsageLogInsert,0.06779661016949153,0.034482758620689655,0.0909090909090909,0.0031883095317170374,0.013085707887812794,0.009262982603668151,0.002767495327805084,0.0001142473319818787,3.282491392729449e-07,0.2216075306313963
\services\ai\azure\chat::Props,0.05084745762711864,0.034482758620689655,0.04545454545454545,0.0,0.06123123690901082,0.027847148542013377,2.4932047198981144e-05,0.00012792283320373958,7.793189441427974e-09,0.22001600982697006
\lib\integrations\discord-app\services\supabase\interfaces::DiscordTokenResponse,0.06779661016949153,0.05172413793103448,0.04545454545454545,0.0,0.020937132620500475,0.032422694301378174,0.0001706597839642358,0.0008756313873632104,7.793189441427973e-10,0.2193814124275965
\routes\chat\freeplan::AgentModel,0.05084745762711864,0.034482758620689655,0.04545454545454545,0.0,0.013085707887812794,0.0166567632111071,0.009465985629287972,0.04856864304405205,7.793189441427973e-10,0.2185618622539326
\schemas\chat::messageCreateShareAgentSchema,0.05084745762711864,0.034482758620689655,0.04545454545454545,0.0015941547658585187,0.020937132620500475,0.0003874501916098243,0.0012146314123626645,0.06324533869834492,0.0,0.21816346939103015
\schemas\models_pricing::EventSchema,0.06779661016949153,0.05172413793103448,0.04545454545454545,0.0031883095317170374,0.033150459982459086,0.004599652329836051,1.5486999462587627e-05,0.010639975187520564,1.35e-321,0.21656917758606675
\lib\integrations\slack-app\app-flow\interfaces::Block,0.06779661016949153,0.034482758620689655,0.0909090909090909,0.0031883095317170374,0.013085707887812794,0.003502404126609277,2.3461716791968358e-17,7.094686520345193e-17,4.3329276043500915e-05,0.21300821052145477
\services\supabase\usage-log::SaveUsageLogProps,0.06779661016949153,0.034482758620689655,0.0909090909090909,0.0007970773829292594,0.010468566310250237,0.005593769111813959,0.00013982146343780272,0.0006031569630971675,6.234551553142348e-10,0.21079085155425561
\lib\integrations\slack-app\slack\services\supabase\workspaces::readWorkspace,0.05084745762711864,0.017241379310344827,0.0909090909090909,0.006243772832945864,0.023792196159659627,0.0009703204969859344,0.01943047278886718,0.0010976369888023008,3.1561e-319,0.21053232711381525
\routes\chat\lib\openai::onToken,0.05084745762711864,0.017241379310344827,0.0909090909090909,0.0,0.02617141577562559,0.0020984290302066416,0.006394870496130414,0.016345450610078263,1.7145016771141512e-09,0.21000809547309693
\lib\integrations\slack-app\slack\services\supabase\channels::saveOrUpdateChannel,0.05084745762711864,0.034482758620689655,0.04545454545454545,0.0031883095317170374,0.023030845882550523,0.001465601753734998,0.01569425640157651,0.03483666077125317,9e-322,0.20900043604318597
\schemas\chat::noSessionChatSchema,0.05084745762711864,0.034482758620689655,0.04545454545454545,0.0019926934573231483,0.023030845882550523,0.00035784045906359893,0.0012146314123626645,0.05095692733640121,9e-322,0.20833770025005488
\routes\chat\completion::onFinal,0.03389830508474576,0.017241379310344827,0.04545454545454545,0.0003985386914646297,0.013085707887812794,0.0004349995970363777,0.05350334415975696,0.044206445302246294,8.94e-322,0.20822326548795309
\lib\integrations\discord-app\services\supabase\servers::deleteServer,0.05084745762711864,0.034482758620689655,0.04545454545454545,0.005579541680504816,0.023030845882550523,0.0009702772532935324,0.01569425640157651,0.031844040127620724,9e-322,0.20790372304789984
\lib\integrations\slack-app\slack\services\supabase\workspaces::getAllWorkspacesByOrg,0.05084745762711864,0.034482758620689655,0.04545454545454545,0.0018598472268349386,0.023030845882550523,0.0006749698223419915,0.01569425640157651,0.03552164754508545,9e-322,0.20756632858074314
\lib\integrations\slack-app\slack\services\supabase\workspaces::deleteWorkspace,0.05084745762711864,0.034482758620689655,0.04545454545454545,0.0018598472268349386,0.023030845882550523,0.0006749698223419915,0.01569425640157651,0.03552164754508545,9e-322,0.20756632858074314
\lib\consts::premiumModelsMap,0.03389830508474576,0.017241379310344827,0.04545454545454545,0.02391232148787778,0.0706628225941891,0.0029694662922929655,0.0010045098354962533,0.005153998912010434,1.2062975083770968e-307,0.20029734897150256
\schemas\agent::premiumModels,0.06779661016949153,0.06896551724137931,0.0,0.0,0.04536378734441769,0.011002780377922843,1.73744108188507e-17,0.0008265699029973279,6.32113e-319,0.19395526503620875
\schemas\chat::NoAgentCompletionValidationType,0.05084745762711864,0.034482758620689655,0.04545454545454545,0.0,0.02807479146839837,0.0305776352514363,0.0005685552242817716,0.0029171770188974053,9.822535971975815e-07,0.19292390291896477
\lib\integrations\slack-app\slack\auth0::auth0Callback,0.05084745762711864,0.034482758620689655,0.04545454545454545,0.002391232148787778,0.023030845882550523,0.001465601753734998,7.452528509523421e-05,0.03483758816007739,9e-322,0.19258455493259968
\lib\ai\question-generator::questionGenerator,0.03389830508474576,0.0,0.0909090909090909,0.002391232148787778,0.0,0.0010183339276341932,0.0642909213830201,3.976439362087842e-17,0.0,0.19250788345327877
\lib\image::modifyImage,0.05084745762711864,0.034482758620689655,0.04545454545454545,0.005579541680504816,0.03738773682232228,0.0021584147513264576,4.8220507158890136e-05,0.016269662723467547,3.16054e-319,0.19222833818713372
\schemas\agent::agentUpdateSchema,0.05084745762711864,0.034482758620689655,0.04545454545454545,0.001195616074393889,0.023030845882550523,0.0007243312834896976,0.00016109774399664285,0.035537316073983624,9e-322,0.19143396876076813
\schemas\agent::agentCreateSchema,0.05084745762711864,0.034482758620689655,0.04545454545454545,0.001195616074393889,0.023030845882550523,0.0007243312834896976,0.00016109774399664285,0.035537316073983645,9e-322,0.19143396876076813
\lib\integrations\gitlab-app\utils::TokenResponse,0.05084745762711864,0.034482758620689655,0.04545454545454545,0.0,0.018610784551555976,0.03991666009974853,9.336677410704298e-05,0.00047905180732039004,1.2469103106284758e-09,0.18988462618199597
\lib\integrations\gitlab-app\utils::refreshAccessToken,0.05084745762711864,0.034482758620689655,0.04545454545454545,0.002391232148787778,0.023030845882550523,0.0012437142978466028,9.336677410704298e-05,0.031588333025338804,9e-322,0.1891322538309845
\lib\integrations\slack-app\app-flow\init-bot::getAndSaveBotUserId,0.05084745762711864,0.017241379310344827,0.0909090909090909,0.0077050813683161735,0.0164506042018218,0.0011596071700060377,0.003948526392500406,0.0005580757336544107,8.30449e-317,0.1888198227128532
\lib\response::async,0.05084745762711864,0.017241379310344827,0.0909090909090909,0.0,0.02486284498684432,0.0026530750457118635,1.1024875583028359e-06,2.828354424827392e-06,2.0262292547712726e-09,0.18651778074732295
\lib\integrations\slack-app\slack\command-functions\select-agent::Agent,0.05084745762711864,0.034482758620689655,0.04545454545454545,0.0,0.010468566310250237,0.043066293599954966,1.3522066427381023e-17,2.996621214231839e-17,6.234551553142348e-10,0.1843196222360141
\lib\integrations\discord-app\redirector::CLIENT_ID,0.03389830508474576,0.017241379310344827,0.04545454545454545,0.002391232148787778,0.018610784551555976,0.002122721380788063,0.06382127951389738,0.00023987043937596434,3.1561e-319,0.1837801178840412
\services\ai\index::onFinal,0.03389830508474576,0.017241379310344827,0.04545454545454545,0.0,0.06937502277030912,0.017248330188328175,8.363089563365553e-07,4.290983819878894e-06,7.3255980749423e-09,0.1832227174266476
\routes\chat\freeplan::onFinal,0.03389830508474576,0.017241379310344827,0.04545454545454545,0.0,0.013085707887812794,0.0002102558318702375,0.02283228245883007,0.048213851608351975,8.94e-322,0.1809363276365011
\services\ai\mistral\autocomplete::AutocompleteResponse,0.05084745762711864,0.034482758620689655,0.04545454545454545,0.0,0.019705536584000444,0.025329820175666158,0.0005011794047866122,0.002571481150023894,1.5586378882855956e-09,0.17889278057546873
\services\ai\mistral\autocomplete::AutocompleteProps,0.05084745762711864,0.034482758620689655,0.04545454545454545,0.0,0.019705536584000444,0.025329820175666158,0.0005011794047866063,0.002571481150023863,1.5586378882855956e-09,0.1788927805754687
\lib\response::CodeGPTResponse,0.05084745762711864,0.034482758620689655,0.04545454545454545,0.0,0.0263989933041093,0.02147684660445114,2.435511871635057e-05,0.00012496269417203276,2.1820930435998327e-09,0.1788099216058956
\lib\integrations\gitlab-app\utils::UserData,0.05084745762711864,0.034482758620689655,0.04545454545454545,0.0,0.018610784551555976,0.028766400477760485,9.406409526812901e-05,0.00048262966427963406,1.2469103106284758e-09,0.17873864173812828
\lib\integrations\gitlab-app\utils::UserInfo,0.05084745762711864,0.034482758620689655,0.04545454545454545,0.0,0.018610784551555976,0.028766400477760485,9.406409526812942e-05,0.00048262966427963606,1.2469103106284758e-09,0.17873864173812828
\lib\integrations\bitbucket-app\utils::UserInfo,0.05084745762711864,0.034482758620689655,0.04545454545454545,0.0,0.018610784551555976,0.028766400477760485,9.40587648105352e-05,0.00048260231445022644,1.2469103106284758e-09,0.17873860905784125
\lib\integrations\bitbucket-app\utils::UserData,0.05084745762711864,0.034482758620689655,0.04545454545454545,0.0,0.018610784551555976,0.028766400477760485,9.40587648105196e-05,0.0004826023144501464,1.2469103106284758e-09,0.1787386090578412
\lib\integrations\github-app\utils::TokenResponse,0.05084745762711864,0.034482758620689655,0.04545454545454545,0.0,0.010468566310250237,0.03624278110522654,4.5613767795456566e-05,0.00023403783744367222,6.234551553142348e-10,0.17777576134652476
\lib\integrations\discord-app\codegpt\interfaces::Message,0.05084745762711864,0.034482758620689655,0.04545454545454545,0.0,0.010468566310250237,0.0339071140963581,3.075107994453866e-17,1.1836586118963273e-16,1.6443629721412974e-07,0.17516060654525942
\lib\integrations\slack-app\codegpt\interfaces::CodeGPTRequest,0.05084745762711864,0.017241379310344827,0.0909090909090909,0.0,0.0,0.0028005585845275356,0.011826820280137412,0.0013233785135604163,3.1172757765711865e-10,0.1749486855365073
\routes\extensions\index::extensions,0.05084745762711864,0.017241379310344827,0.0909090909090909,0.0015941547658585187,0.010468566310250237,0.0007379231359668063,8.643004006059626e-06,0.0029466503292028333,0.0,0.1747538653918388
\routes\chat\status\index::chatStatus,0.05084745762711864,0.017241379310344827,0.0909090909090909,0.0015941547658585187,0.010468566310250237,0.0007379231359668063,8.64300400605943e-06,0.0029466503292028324,0.0,0.1747538653918388
\routes\vscode\index::vscode,0.05084745762711864,0.017241379310344827,0.0909090909090909,0.0015941547658585187,0.010468566310250237,0.0007379231359668063,8.643004006037928e-06,0.002946650329202811,0.0,0.17475386539183876
\types\index::Profile,0.05084745762711864,0.034482758620689655,0.04545454545454545,0.0,0.013085707887812794,0.027308167858561275,0.0004446187800758268,0.0022812765269123575,4.332927604350093e-05,0.17394786203175946
\services\ai\aws\chat::formatLlamaPrompt,0.03389830508474576,0.017241379310344827,0.04545454545454545,0.0003985386914646297,0.06123123690901082,0.0014695210044009023,0.012192469725218095,0.00048137291563963853,1.404681867842576e-305,0.1723673690953701
\types\index::Bucket,0.05084745762711864,0.034482758620689655,0.04545454545454545,0.0,0.010468566310250237,0.028226214948193537,0.0004411762821854298,0.0022636135536345113,1.6443629721412974e-07,0.17218449723291465
\types\index::Profile_Plan,0.05084745762711864,0.034482758620689655,0.04545454545454545,0.0,0.010468566310250237,0.028226214948193537,0.00044117628218541706,0.002263613553634446,1.6443629721412974e-07,0.17218449723291457
\lib\email::ProviderNormalizationRules,0.05084745762711864,0.034482758620689655,0.04545454545454545,0.0,0.013085707887812794,0.02826069921527515,2.506464004184454e-17,8.918953654247822e-17,9.351827329713552e-10,0.17213116974062453
\lib\chat\tools-knowledge::createKnowledge,0.03389830508474576,0.017241379310344827,0.04545454545454545,0.0,0.06675856220798922,0.001708793443794586,0.003201716972512126,0.002804669941418762,1.2062975083770968e-307,0.17106797241535074
\schemas\chat::messageCreateValidator,0.03389830508474576,0.0,0.0909090909090909,0.0003985386914646297,0.0,5.90338508773443e-05,0.04201940729094582,0.002743075728049293,0.0,0.17002745155517376
\types\index::PlanPricing,0.05084745762711864,0.034482758620689655,0.04545454545454545,0.0,0.010468566310250237,0.02211558061593568,0.00044457045289789245,0.0022810285669485108,1.6443629721412974e-07,0.16609467208468326
\lib\integrations\slack-app\app-flow\interfaces::StateValues,0.05084745762711864,0.034482758620689655,0.04545454545454545,0.0,0.013085707887812794,0.021038745524607036,1.6358941108898233e-17,4.4521817777405575e-17,4.3329276043500915e-05,0.16495254439081716
\lib\integrations\slack-app\app-flow\interfaces::Title,0.05084745762711864,0.034482758620689655,0.04545454545454545,0.0,0.013085707887812794,0.021038745524607036,1.9482185190710587e-17,6.054674459323073e-17,4.3329276043500915e-05,0.16495254439081716
\lib\integrations\slack-app\app-flow\interfaces::Submit,0.05084745762711864,0.034482758620689655,0.04545454545454545,0.0,0.013085707887812794,0.021038745524607036,1.8255479697207852e-17,5.425269096084702e-17,4.3329276043500915e-05,0.16495254439081716
\types\index::MixPanelEvent,0.05084745762711864,0.017241379310344827,0.0909090909090909,0.0,0.0,0.0019475834398975343,0.00088584447359446,0.0022473296438651246,3.1172757765711865e-10,0.16407868571563908
\types\index::FileObject,0.05084745762711864,0.017241379310344827,0.0909090909090909,0.0,0.0,0.0019475834398975343,0.0008791297943541582,0.002247077973222356,3.1172757765711865e-10,0.164071719365756
\types\index::CurrentPlan,0.05084745762711864,0.017241379310344827,0.0909090909090909,0.0,0.0,0.0019475834398975343,0.0008791297943541347,0.0022470779732223006,3.1172757765711865e-10,0.16407171936575593
\services\ai\mistral\consts::MISTRAL_MODELS_MAP,0.03389830508474576,0.034482758620689655,0.0,0.0,0.08579411240469448,0.004149059373271716,1.73744108188507e-17,0.0049517642332316935,1.4046818678508805e-305,0.16327599971663334
\services\ai\google\vertex\consts::VERTEX_MODELS_MAP,0.03389830508474576,0.034482758620689655,0.0,0.0,0.09002967026815206,0.003803510309109441,1.73744108188507e-17,0.0009688000029485147,1.4167448429263473e-305,0.16318304428564548
\types\user::UserIdentity,0.05084745762711864,0.034482758620689655,0.04545454545454545,0.0,0.010468566310250237,0.02177557827470054,2.4373196921802596e-17,8.564183898643315e-17,1.6443629721412974e-07,0.16302907072360182
\types\user::UserMetadata,0.05084745762711864,0.034482758620689655,0.04545454545454545,0.0,0.010468566310250237,0.02177557827470054,2.1545644620353862e-17,7.113406517442266e-17,1.6443629721412974e-07,0.16302907072360182
\types\user::UserAppMetadata,0.05084745762711864,0.034482758620689655,0.04545454545454545,0.0,0.010468566310250237,0.02177557827470054,1.932140887001962e-17,5.972182386808032e-17,1.6443629721412974e-07,0.1630290707236018
\types\user::Factor,0.05084745762711864,0.034482758620689655,0.04545454545454545,0.0,0.010468566310250237,0.02177557827470054,1.82191859082055e-17,5.4066472625873287e-17,1.6443629721412974e-07,0.1630290707236018
\lib\integrations\slack-app\app-flow\interfaces::Team,0.05084745762711864,0.034482758620689655,0.04545454545454545,0.0,0.010468566310250237,0.021222522344841985,1.9927683093605797e-17,6.28325317758824e-17,1.6443629721412974e-07,0.16247601479374324
\lib\integrations\slack-app\app-flow\interfaces::User,0.05084745762711864,0.034482758620689655,0.04545454545454545,0.0,0.010468566310250237,0.021222522344841985,1.5201023172721623e-17,3.858070344246892e-17,1.6443629721412974e-07,0.1624760147937432
\lib\integrations\discord-app\codegpt\interfaces::CodeGPTRequest,0.05084745762711864,0.017241379310344827,0.0909090909090909,0.0,0.0,0.0028005585845275356,4.221011132245013e-17,1.085267311817244e-16,3.1172757765711865e-10,0.16179848674280967
\services\supabase\agents::getMarketplaceAgentById,0.03389830508474576,0.017241379310344827,0.04545454545454545,0.0009963467286615742,0.010468566310250237,0.00045070074612126466,0.01569425640157651,0.03501956210974023,0.0,0.15922366214598585
\routes\chat\share::getUserId,0.01694915254237288,0.0,0.04545454545454545,0.0007970773829292594,0.0,6.957560996258436e-05,0.06382127951389738,0.027864726039143407,0.0,0.15495635654285098
\services\supabase\agents::getPublicAgentById,0.03389830508474576,0.017241379310344827,0.04545454545454545,0.0009963467286615742,0.010468566310250237,0.0004385371779459875,0.01569425640157651,0.03024675121773131,0.0,0.15443868768580166
\services\supabase\profiles::getUserProfile,0.03389830508474576,0.017241379310344827,0.04545454545454545,0.0023115244104948527,0.010468566310250237,0.0007108659543146902,0.01569425640157651,0.02243637791812977,0.0,0.1482158208444021
\services\supabase\messages::saveMessages,0.03389830508474576,0.0,0.0909090909090909,0.001195616074393889,0.0,0.0006493723596507899,0.018439485025291375,0.00017020602704639383,0.0,0.14526207548021913
\lib\integrations\slack-app\slack\services\supabase\agents::getAgentsByOrgId,0.03389830508474576,0.0,0.0909090909090909,0.002391232148787778,0.0,0.0010183339276341932,0.015861844768844,6.3275458378798065e-06,0.0,0.14408513438494053
\services\supabase\usage-log::saveUsageLog,0.03389830508474576,0.0,0.0909090909090909,0.002391232148787778,0.0,0.0006493723596507899,0.015811811160924092,5.2791654543037465e-06,0.0,0.14366509082865364
\lib\integrations\slack-app\slack\services\supabase\workspaces::updateBotUserId,0.03389830508474576,0.017241379310344827,0.04545454545454545,0.007572235137827964,0.01998544477411409,0.0018652135642339585,0.01569425640157651,0.001089332824022879,1.7464421326e-314,0.14280071255141144
\lib\integrations\discord-app\services\supabase\servers::readServers,0.03389830508474576,0.0,0.0909090909090909,0.0007970773829292594,0.0,0.0002277019962411858,0.015983405250637107,0.00025737340401606136,0.0,0.14207295402766026
\lib\integrations\discord-app\services\supabase\servers::readServer,0.03389830508474576,0.0,0.0909090909090909,0.0007970773829292594,0.0,0.0002277019962411858,0.015983405250637107,0.0002573734040160464,0.0,0.14207295402766026
\lib\integrations\discord-app\services\supabase\servers::saveServer,0.03389830508474576,0.0,0.0909090909090909,0.0007970773829292594,0.0,0.0002277019962411858,0.015864916185540725,0.00025737340401604965,0.0,0.1419544649625639
\schemas\chat::autocompleteSchema,0.03389830508474576,0.034482758620689655,0.0,0.0,0.023030845882550523,0.0005556631381258567,1.73744108188507e-17,0.04996502257477544,9e-322,0.14193259530088725
\schemas\metadata::extractionFunctionSchema,0.03389830508474576,0.017241379310344827,0.04545454545454545,0.0031883095317170374,0.023792196159659627,0.0026370931095442644,0.014998344263367916,0.0007006923028826936,3.1561e-319,0.14191086521680757
\routes\chat\lib\openai::APIKEY_MAP,0.03389830508474576,0.034482758620689655,0.0,0.0,0.03738773682232228,0.0006442154124408962,1.73744108188507e-17,0.034751785006810615,6.31213e-319,0.14116480094700923
\routes\chat\lib\openai::MODEL_MAP,0.03389830508474576,0.034482758620689655,0.0,0.0,0.03738773682232228,0.0006442154124408962,1.73744108188507e-17,0.03475178500681061,6.31213e-319,0.1411648009470092
\schemas\chat::messageCreateWidgetSchema,0.03389830508474576,0.017241379310344827,0.04545454545454545,0.0007970773829292594,0.010468566310250237,0.00024351463486904588,0.0012146314123626645,0.029935056148787532,0.0,0.13925307573883478
\lib\response::cancel,0.03389830508474576,0.017241379310344827,0.04545454545454545,0.0,0.02486284498684432,0.017788369181099384,5.471873396644422e-07,2.8075414033786934e-06,2.0262292547712726e-09,0.13924880077255206
\lib\ai\question-generator::anthropicFunction,0.01694915254237288,0.0,0.04545454545454545,0.0,0.003489522103416745,0.0014888726958945657,0.06382127951389738,0.0024096664830537823,4.5e-322,0.13361303879318082
\lib\numbers::normalizeFloat,0.03389830508474576,0.034482758620689655,0.0,0.0,0.0425285506353916,0.004312198438107061,1.73744108188507e-17,0.016465731933715755,1.7145016771141512e-09,0.13168754642715155
\lib\chat\system-prompt::createSystemPrompt,0.01694915254237288,0.017241379310344827,0.0,0.0,0.08870732505001518,0.0024306707186442936,1.73744108188507e-17,0.005019683279193491,9.1995114801254e-310,0.13034821090057072
\lib\integrations\slack-app\slack\verify-event::verificaSlackRequest,0.03389830508474576,0.034482758620689655,0.0,0.0,0.023030845882550523,0.002572486457685209,1.73744108188507e-17,0.03483477434808548,9e-322,0.12881917039375665
\services\ai\aws\index::bedrockClientEast,0.01694915254237288,0.0,0.04545454545454545,0.0007970773829292594,0.0,0.0010183339276341932,0.06382127951389738,4.3756235677819046e-17,0.0,0.12804038882137922
\services\ai\aws\index::bedrockClientWest,0.01694915254237288,0.0,0.04545454545454545,0.0007970773829292594,0.0,0.0010183339276341932,0.06382127951389738,4.4162828080725596e-17,0.0,0.12804038882137922
\lib\integrations\discord-app\redirector::BOT_TOKEN,0.01694915254237288,0.0,0.04545454545454545,0.0007970773829292594,0.0,0.0004648915756590883,0.06382127951389738,0.0002377003817477171,0.0,0.12772464685115179
\schemas\agent::agentDocumentsSchema,0.03389830508474576,0.034482758620689655,0.0,0.0,0.023030845882550523,0.0007243312834896976,1.73744108188507e-17,0.035537316073983624,9e-322,0.1276735569454593
\services\ai\azure\index::openaiTurboClient,0.01694915254237288,0.0,0.04545454545454545,0.0005313849219528396,0.0,0.0006493723596507899,0.06382127951389738,3.787178275345509e-06,0.0,0.1274095219706947
\lib\integrations\discord-app\commands\resumen::handleResumenCanalCommand,0.03389830508474576,0.0,0.0909090909090909,0.0,0.0,0.0004648915756590883,0.0,2.74747523925788e-17,0.0,0.1252722875694958
\lib\integrations\bitbucket-app\utils::refreshAccessToken,0.03389830508474576,0.034482758620689655,0.0,0.0,0.023030845882550523,0.0012437142978466028,1.73744108188507e-17,0.03158830546665466,9e-322,0.12424392935248724
\lib\integrations\github-app\utils::getUserData,0.03389830508474576,0.034482758620689655,0.0,0.0,0.023030845882550523,0.001574017113596767,1.73744108188507e-17,0.030873212079113057,9e-322,0.1238591387806958
\lib\usage::usageAdapter,0.03389830508474576,0.017241379310344827,0.04545454545454545,0.0,0.018610784551555976,0.0021566789183740664,0.00011287140665684536,0.0005706663473318324,3.1561e-319,0.11804523107355475
\lib\integrations\slack-app\slack\services\supabase\interfaces::ChannelType,0.03389830508474576,0.017241379310344827,0.04545454545454545,0.0,0.0,0.019583328814893414,2.893990163131012e-05,0.00014848657151050795,3.1172757765711865e-10,0.11635498544939885
\lib\integrations\slack-app\slack\interfaces::SlackCommandEvent,0.03389830508474576,0.017241379310344827,0.04545454545454545,0.0,0.0,0.019583328814893414,2.346422996851374e-05,0.00012039166910605617,3.1172757765711865e-10,0.1163214148753316
\lib\integrations\slack-app\codegpt\interfaces::CodeGPTConfig,0.03389830508474576,0.017241379310344827,0.04545454545454545,0.0,0.0,0.01835383634044282,0.0001727932361054547,0.0008865778307190752,3.1172757765711865e-10,0.11600743756863097
\lib\integrations\github-app\utils::UserData,0.03389830508474576,0.017241379310344827,0.04545454545454545,0.0,0.0,0.01835383634044282,4.5278109605451725e-05,0.0002323156224040975,3.1172757765711865e-10,0.11522566023381597
\lib\integrations\discord-app\codegpt\interfaces::CodeGPTConfig,0.03389830508474576,0.017241379310344827,0.04545454545454545,0.0,0.0,0.01835383634044282,2.1481944062303328e-17,7.080722655593894e-17,3.1172757765711865e-10,0.11494806650180653
\lib\integrations\discord-app\codegpt\interfaces::CodeGPTResponse,0.03389830508474576,0.017241379310344827,0.04545454545454545,0.0,0.0,0.01835383634044282,2.1095974395926626e-17,6.882687039587024e-17,3.1172757765711865e-10,0.11494806650180653
\lib\integrations\bitbucket-app\utils::TokenResponse,0.03389830508474576,0.017241379310344827,0.04545454545454545,0.0,0.0,0.017616140855772473,9.267446369811685e-05,0.00047549965982686545,3.1172757765711865e-10,0.11477854514066106
\types\index::ModelPricing,0.03389830508474576,0.017241379310344827,0.04545454545454545,0.0,0.0,0.015086899194045544,0.00043470702674326044,0.002230420712377774,3.1172757765711865e-10,0.1143462570945302
\types\index::ApiKey,0.03389830508474576,0.017241379310344827,0.04545454545454545,0.0,0.0,0.015086899194045544,0.0004347070267432593,0.0022304207123777678,3.1172757765711865e-10,0.11434625709453017
\types\index::Features,0.03389830508474576,0.017241379310344827,0.04545454545454545,0.0,0.0,0.015086899194045544,0.00043470702674325756,0.0022304207123777587,3.1172757765711865e-10,0.11434625709453017
\types\index::Message,0.03389830508474576,0.017241379310344827,0.04545454545454545,0.0,0.0,0.015086899194045544,0.00043470702674325463,0.002230420712377744,3.1172757765711865e-10,0.11434625709453015
\types\index::UsageType,0.03389830508474576,0.017241379310344827,0.04545454545454545,0.0,0.0,0.015086899194045544,0.0004347070267432564,0.002230420712377753,3.1172757765711865e-10,0.11434625709453015
\types\index::Agreement,0.03389830508474576,0.017241379310344827,0.04545454545454545,0.0,0.0,0.015086899194045544,0.00043470702674325583,0.00223042071237775,3.1172757765711865e-10,0.11434625709453015
\types\index::UpcomingPayment,0.03389830508474576,0.017241379310344827,0.04545454545454545,0.0,0.0,0.015086899194045544,0.0004347070267432529,0.0022304207123777352,3.1172757765711865e-10,0.11434625709453014
\types\index::UserProfiling,0.03389830508474576,0.017241379310344827,0.04545454545454545,0.0,0.0,0.015086899194045544,0.00043470702674325236,0.002230420712377732,3.1172757765711865e-10,0.11434625709453014
\types\index::Subscription,0.03389830508474576,0.017241379310344827,0.04545454545454545,0.0,0.0,0.015086899194045544,0.00043470702674325436,0.0022304207123777426,3.1172757765711865e-10,0.11434625709453014
\types\index::Usage,0.03389830508474576,0.017241379310344827,0.04545454545454545,0.0,0.0,0.015086899194045544,0.0004347070267432526,0.002230420712377733,3.1172757765711865e-10,0.11434625709453014
\types\index::GetColleagues,0.03389830508474576,0.017241379310344827,0.04545454545454545,0.0,0.0,0.015086899194045544,0.0004347070267432535,0.0022304207123777383,3.1172757765711865e-10,0.11434625709453014
\types\index::Organization,0.03389830508474576,0.017241379310344827,0.04545454545454545,0.0,0.0,0.015086899194045544,0.00043470702674325263,0.0022304207123777335,3.1172757765711865e-10,0.11434625709453014
\types\index::NewUsage,0.03389830508474576,0.017241379310344827,0.04545454545454545,0.0,0.0,0.015086899194045544,0.00043470702674325436,0.0022304207123777426,3.1172757765711865e-10,0.11434625709453014
\types\index::AgentSelectedDocument,0.03389830508474576,0.017241379310344827,0.04545454545454545,0.0,0.0,0.015086899194045544,0.0004347070267432541,0.0022304207123777413,3.1172757765711865e-10,0.11434625709453014
\types\index::BillingAddress,0.03389830508474576,0.017241379310344827,0.04545454545454545,0.0,0.0,0.015086899194045544,0.0004347070267432531,0.0022304207123777357,3.1172757765711865e-10,0.11434625709453014
\types\index::ActiveSuscriptionPlan,0.03389830508474576,0.017241379310344827,0.04545454545454545,0.0,0.0,0.015086899194045544,0.00043470702674325154,0.002230420712377728,3.1172757765711865e-10,0.11434625709453013
\types\index::UsageLog,0.03389830508474576,0.017241379310344827,0.04545454545454545,0.0,0.0,0.015086899194045544,0.000434707026743251,0.0022304207123777253,3.1172757765711865e-10,0.11434625709453013
\types\index::BillingIntervals,0.03389830508474576,0.017241379310344827,0.04545454545454545,0.0,0.0,0.015086899194045544,0.00043470702674325154,0.002230420712377728,3.1172757765711865e-10,0.11434625709453013
\types\index::CountryData,0.03389830508474576,0.017241379310344827,0.04545454545454545,0.0,0.0,0.015086899194045544,0.00043470702674324705,0.002230420712377705,3.1172757765711865e-10,0.11434625709453011
\types\index::Organization_user,0.03389830508474576,0.017241379310344827,0.04545454545454545,0.0,0.0,0.015086899194045544,0.0004347070267432474,0.002230420712377707,3.1172757765711865e-10,0.11434625709453011
\lib\chat\tokens::mistralTokenizer,0.01694915254237288,0.017241379310344827,0.0,0.0,0.07001377148295358,0.0011661883523472216,1.73744108188507e-17,0.0009988605300570695,1.2062975083770968e-307,0.1063693522180756
\lib\consts::getMaxChunks,0.01694915254237288,0.017241379310344827,0.0,0.0,0.05869151047488681,0.004926623581878092,1.73744108188507e-17,0.005153998912010437,1.404681867842576e-305,0.10296266482149306
\services\ai\groq\consts::GROQ_MODELS_MAP,0.01694915254237288,0.017241379310344827,0.0,0.0,0.06469704024036638,0.003286694316413008,1.73744108188507e-17,3.4903172966577e-06,1.404681867842576e-305,0.10217775672679377
\services\ai\aws\consts::BEDROCK_MODELS_MAP,0.01694915254237288,0.017241379310344827,0.0,0.0,0.06469704024036638,0.0031298480603262173,1.73744108188507e-17,1.0575993131898142e-05,1.404681867842576e-305,0.10202799614654222
\services\ai\cohere\chat::toCohereRole,0.01694915254237288,0.017241379310344827,0.0,0.0,0.06123123690901082,0.0014420559952288484,1.73744108188507e-17,0.0004813986038204495,1.404681867842576e-305,0.09734522336077783
\lib\chat\streaming::onToken,0.0,0.0,0.0,0.0,0.08319169184847794,0.00021690131074387389,1.73744108188507e-17,0.004983014751399365,9.1995114801254e-310,0.0883916079106212
\services\supabase\documents::getDocumentsByAgentId,0.01694915254237288,0.0,0.04545454545454545,0.0005187329000015816,0.0,0.00018817039967153592,0.01569425640157651,0.005148580415295594,0.0,0.08395343811346355
\lib\integrations\slack-app\slack\services\supabase\channels::findChannelByWorkspace,0.01694915254237288,0.0,0.04545454545454545,0.0019926934573231483,0.0,0.0010183339276341932,0.01569425640157651,0.00025635265546572456,0.0,0.0813653344389179
\routes\chat\lib\openai::calculateImageTokenCost,0.01694915254237288,0.017241379310344827,0.0,0.0,0.02898987593607758,0.0003380855634370705,1.73744108188507e-17,0.01784619036321717,6.30764e-319,0.08136468371544955
\routes\chat\lib\openai::AZURE_URL_MAP,0.01694915254237288,0.017241379310344827,0.0,0.0,0.02898987593607758,0.0003380855634370705,1.73744108188507e-17,0.017846190363217173,6.30764e-319,0.08136468371544955
\lib\integrations\slack-app\slack\services\supabase\workspaces::updateWorkspaceWithOrg,0.01694915254237288,0.0,0.04545454545454545,0.0006642311524410495,0.0,0.0002277019962411858,0.01569425640157651,0.000941339429298027,0.0,0.0799312269764751
\services\supabase\profiles::getUserEmail,0.01694915254237288,0.0,0.04545454545454545,0.0011159083361009633,0.0,0.0004648915756590883,0.01569425640157651,0.00016756883002587187,0.0,0.07984632314028077
\routes\discord::hexToUint8Array,0.01694915254237288,0.017241379310344827,0.0,0.0,0.013085707887812794,0.0006540244807363294,1.73744108188507e-17,0.03158666672360473,8.94e-322,0.07951693094487158
\lib\integrations\discord-app\services\supabase\servers::getAllServersByOrg,0.01694915254237288,0.0,0.04545454545454545,0.0007970773829292594,0.0,0.0002277019962411858,0.01569425640157651,0.0002573734040160515,0.0,0.07938010718168134
\schemas\metadata::metadataValidator,0.01694915254237288,0.0,0.04545454545454545,0.0,0.0,0.0006493723596507899,0.014998344263367916,0.000571440782656282,0.0,0.07862285540259333
\schemas\chat::noAgentCompletionValidation,0.01694915254237288,0.0,0.04545454545454545,0.0,0.0,5.90338508773443e-05,0.00921775540740547,0.0027430757280493072,0.0,0.07442356298325047
\lib\response::getNextValue,0.01694915254237288,0.017241379310344827,0.0,0.0,0.03140569893075071,0.0026530750457118635,1.73744108188507e-17,2.828354424818772e-06,2.0262292547712726e-09,0.06825213620983438
\lib\image::getImageDimensions,0.01694915254237288,0.017241379310344827,0.0,0.0,0.02807479146839837,0.004404640131657979,1.73744108188507e-17,0.00024741265107742247,8.3202473e-317,0.0669173761038515
\schemas\chat::noSessionChatValidator,0.01694915254237288,0.0,0.04545454545454545,0.0,0.0,5.90338508773443e-05,0.0012146314123626645,0.0027430757280493176,0.0,0.06642043898820765
\schemas\chat::messageCreateValidatorWidget,0.01694915254237288,0.0,0.04545454545454545,0.0,0.0,5.90338508773443e-05,0.0012146314123626645,0.002743075728049296,0.0,0.06642043898820764
\schemas\chat::messageCreateValidatorShareAgent,0.01694915254237288,0.0,0.04545454545454545,0.0,0.0,5.90338508773443e-05,0.0012146314123626645,0.0027430757280492977,0.0,0.06642043898820764
\schemas\document::webLinkSchema,0.01694915254237288,0.017241379310344827,0.0,0.0,0.010468566310250237,0.0008338531436424915,1.73744108188507e-17,0.019751567111073672,0.0,0.06524451841768414
\schemas\models_pricing::modelsPricingTableEventValidation,0.01694915254237288,0.0,0.04545454545454545,0.0,0.0,0.0006493723596507899,0.002073721765907663,7.888115651021135e-05,0.0,0.06520567327898699
\schemas\models_pricing::ModelsPricingRecordSchema,0.01694915254237288,0.017241379310344827,0.0,0.0,0.023792196159659627,0.006849213692964449,1.73744108188507e-17,7.946161954801645e-05,4.73186e-319,0.06491140332488982
\routes\apikeys\index::apiKeySchema,0.01694915254237288,0.017241379310344827,0.0,0.0,0.013085707887812794,0.002107592677235411,1.73744108188507e-17,0.014903717603464584,8.94e-322,0.06428755002123053
\lib\integrations\discord-app\commands\chat::splitMessageIntoChunks,0.01694915254237288,0.017241379310344827,0.0,0.0,0.019705536584000444,0.002539819440323519,1.73744108188507e-17,0.007475546283455038,8.30449e-317,0.06391143416049673
\schemas\agent::agentUpdateValidator,0.01694915254237288,0.0,0.04545454545454545,0.0,0.0,0.0002277019962411858,0.00016109774399664285,0.0008024177007358536,0.0,0.06359491543789202
\schemas\agent::agentCreateValidator,0.01694915254237288,0.0,0.04545454545454545,0.0,0.0,0.0002277019962411858,0.00016109774399664285,0.0008024177007358383,0.0,0.063594915437892
\lib\integrations\slack-app\slack\command-functions\select-agent::selectAgent,0.01694915254237288,0.0,0.04545454545454545,0.0,0.0,0.0010183339276341932,1.3522066427381023e-17,5.28255868682948e-17,0.0,0.06342203192455259
\schemas\chat::openaiModels,0.01694915254237288,0.017241379310344827,0.0,0.0,0.023792196159659627,0.0024456526311713985,1.73744108188507e-17,0.0028091214082331824,4.73186e-319,0.06323750205178194
\lib\integrations\github-app\utils::refreshAccessToken,0.01694915254237288,0.0,0.04545454545454545,0.0,0.0,0.0004648915756590883,4.5613767795456566e-05,0.0002306185687488556,0.0,0.06314482190912173
\lib\email::normalizeEmail,0.01694915254237288,0.0,0.04545454545454545,0.0,0.0,0.0003542031052640671,2.068951677241755e-17,6.738300755972736e-17,0.0,0.06275790110218249
\lib\image::getBinaryStreamFromURL,0.01694915254237288,0.017241379310344827,0.0,0.0,0.0263989933041093,0.0011653873575116817,1.73744108188507e-17,0.00025110831431023577,1.65931764e-316,0.06200602082864896
\lib\image::convertDataURIToBinary,0.01694915254237288,0.017241379310344827,0.0,0.0,0.0263989933041093,0.0011653873575116817,1.73744108188507e-17,0.0002511083143102226,1.65931764e-316,0.06200602082864894
\lib\image::isBase64Image,0.01694915254237288,0.017241379310344827,0.0,0.0,0.0263989933041093,0.0011653873575116817,1.73744108188507e-17,0.0002511083143101876,1.65931764e-316,0.06200602082864891
\lib\response::isAsyncIterator,0.01694915254237288,0.017241379310344827,0.0,0.0,0.0263989933041093,0.0009335209012623679,1.73744108188507e-17,0.000124049848127846,1.65931764e-316,0.06164709590621725
\lib\response::isReadableStream,0.01694915254237288,0.017241379310344827,0.0,0.0,0.0263989933041093,0.0009335209012623679,1.73744108188507e-17,0.00012404984812782488,1.65931764e-316,0.06164709590621723
\lib\utils::getConvertedText,0.01694915254237288,0.017241379310344827,0.0,0.0,0.010468566310250237,0.0009076454572391719,1.73744108188507e-17,0.01483896110137414,0.0,0.060405704721581285
\lib\integrations\slack-app\app-flow\init-bot::getWorkspaceAndToken,0.01694915254237288,0.017241379310344827,0.0,0.0,0.018610784551555976,0.001096821606008815,1.73744108188507e-17,0.000564241027430903,3.1561e-319,0.05446237903771343
\schemas\user::userUpdateSchema,0.01694915254237288,0.017241379310344827,0.0,0.0,0.010468566310250237,0.0014610878092142772,1.73744108188507e-17,0.00797191547656073,0.0,0.054092101448742984
\routes\extensions\index::cancel,0.01694915254237288,0.017241379310344827,0.0,0.0,0.013085707887812794,0.002107592677235411,1.73744108188507e-17,2.2173019949448576e-05,8.94e-322,0.04940600543771539
\routes\chat\status\index::start,0.01694915254237288,0.017241379310344827,0.0,0.0,0.013085707887812794,0.002107592677235411,1.73744108188507e-17,2.2173019949446042e-05,8.94e-322,0.04940600543771539
\routes\chat\status\index::cancel,0.01694915254237288,0.017241379310344827,0.0,0.0,0.013085707887812794,0.002107592677235411,1.73744108188507e-17,2.2173019949442545e-05,8.94e-322,0.04940600543771539
\routes\extensions\index::start,0.01694915254237288,0.017241379310344827,0.0,0.0,0.013085707887812794,0.002107592677235411,1.73744108188507e-17,2.2173019949441007e-05,8.94e-322,0.04940600543771538
\routes\vscode\index::start,0.01694915254237288,0.017241379310344827,0.0,0.0,0.013085707887812794,0.002107592677235411,1.73744108188507e-17,2.217301994941326e-05,8.94e-322,0.04940600543771535
\routes\vscode\index::cancel,0.01694915254237288,0.017241379310344827,0.0,0.0,0.013085707887812794,0.002107592677235411,1.73744108188507e-17,2.2173019949364998e-05,8.94e-322,0.049406005437715304
\lib\email::PLUS_AND_DOT,0.01694915254237288,0.017241379310344827,0.0,0.0,0.013085707887812794,0.0019516937018298288,1.73744108188507e-17,5.843217475576933e-17,1.58027e-319,0.049227933442360414
\lib\email::PLUS_ONLY,0.01694915254237288,0.017241379310344827,0.0,0.0,0.013085707887812794,0.0019516937018298288,1.73744108188507e-17,5.64244899732168e-17,1.58027e-319,0.049227933442360414
\lib\integrations\discord-app\commands\resumen::resumidor,0.01694915254237288,0.017241379310344827,0.0,0.0,0.010468566310250237,0.0018070456637394843,1.73744108188507e-17,1.0318438346998162e-17,4.5e-322,0.04646614382670747
\lib\integrations\discord-app\commands\resumen::obtenerMensajesDesde,0.01694915254237288,0.017241379310344827,0.0,0.0,0.010468566310250237,0.0018070456637394843,1.73744108188507e-17,0.0,4.5e-322,0.04646614382670746
\routes\chat\playground::const,0.0,0.0,0.0,0.0,0.0,8.173917813786149e-05,1.73744108188507e-17,0.03567192627349827,0.0,0.03575366545163615
\routes\chat\index::const,0.0,0.0,0.0,0.0,0.0,8.173917813786149e-05,1.73744108188507e-17,0.03441034146076842,0.0,0.0344920806389063
\routes\chat\extension::const,0.0,0.0,0.0,0.0,0.0,9.593000767568513e-05,1.73744108188507e-17,0.03286969699967247,0.0,0.03296562700734817
\routes\chat\marketplace\agents::const,0.0,0.0,0.0,0.0,0.0,8.173917813786149e-05,1.73744108188507e-17,0.03263753693115232,0.0,0.032719276109290193
\routes\chat\share::const,0.0,0.0,0.0,0.0,0.0,6.957560996258436e-05,1.73744108188507e-17,0.027864726039143407,0.0,0.027934301649106007
\routes\chat\widget::const,0.0,0.0,0.0,0.0,0.0,9.593000767568513e-05,1.73744108188507e-17,0.027191980420738303,0.0,0.027287910428414004
\routes\me::const,0.0,0.0,0.0,0.0,0.0,0.00015742360233958545,1.73744108188507e-17,0.02226880908810393,0.0,0.022426232690443533
\routes\web::const,0.0,0.0,0.0,0.0,0.0,0.00028041079166738674,1.73744108188507e-17,0.01960405011862252,0.0,0.019884460910289923
\routes\ip::const,0.0,0.0,0.0,0.0,0.0,0.0006493723596507899,1.73744108188507e-17,0.00969033427042569,0.0,0.010339706630076499
\routes\user::const,0.0,0.0,0.0,0.0,0.0,0.0003542031052640671,1.73744108188507e-17,0.007913252514717677,0.0,0.008267455619981762
\routes\text::const,0.0,0.0,0.0,0.0,0.0,0.0004648915756590883,1.73744108188507e-17,0.00614330218468497,0.0,0.006608193760344076
\lib\consts::freeTrialExtensionFormURL,0.0,0.0,0.0,0.0,0.0,0.00011270098803856698,1.73744108188507e-17,0.005116349215437086,0.0,0.00522905020347567
\lib\consts::freeTrialPlanId,0.0,0.0,0.0,0.0,0.0,0.00011270098803856698,1.73744108188507e-17,0.0051163492154370745,0.0,0.005229050203475659
\lib\consts::templateLocaleMap,0.0,0.0,0.0,0.0,0.0,0.00011270098803856698,1.73744108188507e-17,0.0051163492154370745,0.0,0.005229050203475659
\lib\consts::UNLIMITED_MAX_USAGE,0.0,0.0,0.0,0.0,0.0,0.00011270098803856698,1.73744108188507e-17,0.005116349215437074,0.0,0.005229050203475658
\lib\consts::PLAN_TEMP_USAGE_DATE,0.0,0.0,0.0,0.0,0.0,0.00011270098803856698,1.73744108188507e-17,0.005116349215437072,0.0,0.005229050203475656
\lib\consts::CHUNK_SIZE,0.0,0.0,0.0,0.0,0.0,0.00011270098803856698,1.73744108188507e-17,0.005116349215437072,0.0,0.005229050203475656
\crons\usage-rds::getCurrentDateFormatted,0.0,0.0,0.0,0.0,0.0,0.0010183339276341932,1.73744108188507e-17,0.0024096664830539657,0.0,0.0034280004106881762
\server::const,0.0,0.0,0.0,0.0,0.0,0.0,1.73744108188507e-17,0.0029248012547906624,0.0,0.0029248012547906798
\server::handler,0.0,0.0,0.0,0.0,0.0,0.0,1.73744108188507e-17,0.002924801254790648,0.0,0.0029248012547906654
\schemas\chat::autocompleteValidator,0.0,0.0,0.0,0.0,0.0,5.90338508773443e-05,1.73744108188507e-17,0.0027430757280492973,0.0,0.002802109578926659
\lib\integrations\slack-app\slack\command-event::handleCommand,0.0,0.0,0.0,0.0,0.0,0.0021252186315844027,1.73744108188507e-17,4.946804151869902e-17,0.0,0.0021252186315844695
\lib\integrations\slack-app\slack\modal-event::handleModalSubmission,0.0,0.0,0.0,0.0,0.0,0.0021252186315844027,1.73744108188507e-17,4.6233338705056466e-17,0.0,0.0021252186315844665
\schemas\user::userUpdateValidator,0.0,0.0,0.0,0.0,0.0,0.0010183339276341932,1.73744108188507e-17,5.866296184312528e-05,0.0,0.0010769968894773357
\schemas\agent::agentDocumentsValidator,0.0,0.0,0.0,0.0,0.0,0.0002277019962411858,1.73744108188507e-17,0.0008024177007358467,0.0,0.0010301196969770498
\lib\ai\question-generator::runtime,0.0,0.0,0.0,0.0,0.0,0.0010183339276341932,1.73744108188507e-17,5.178307871127404e-17,0.0,0.0010183339276342623
\lib\integrations\discord-app\redirector::const,0.0,0.0,0.0,0.0,0.0,0.0004648915756590883,1.73744108188507e-17,0.00023770038174770954,0.0,0.0007025919574068153
\gen-env::envExample,0.0,0.0,0.0,0.0,0.0,0.0006493723596507899,1.73744108188507e-17,7.75992837469096e-17,0.0,0.0006493723596508849
\gen-env::envText,0.0,0.0,0.0,0.0,0.0,0.0006493723596507899,1.73744108188507e-17,5.1935668313006005e-17,0.0,0.0006493723596508592
\gen-env::const,0.0,0.0,0.0,0.0,0.0,0.0006493723596507899,1.73744108188507e-17,2.5131018554103015e-17,0.0,0.0006493723596508324
\schemas\document::webLinkValidator,0.0,0.0,0.0,0.0,0.0,0.0004648915756590883,1.73744108188507e-17,0.00014751699245119158,0.0,0.0006124085681102974
\schemas\document::githubLinkValidator,0.0,0.0,0.0,0.0,0.0,0.0004648915756590883,1.73744108188507e-17,0.0001475169924511901,0.0,0.0006124085681102958
\schemas\document::githubLinkSchema,0.0,0.0,0.0,0.0,0.0,0.0004648915756590883,1.73744108188507e-17,0.00014751699245118982,0.0,0.0006124085681102955
\lib\integrations\discord-app\commands\resumen::agent,0.0,0.0,0.0,0.0,0.0,0.0004648915756590883,1.73744108188507e-17,4.5873666107154244e-17,0.0,0.0004648915756591516
